79.99,540.0,0.0,0.0,162.0,2.5,1040.0,676.0,28
61.89,540.0,0.0,0.0,162.0,2.5,1055.0,676.0,28
40.27,332.5,142.5,0.0,228.0,0.0,932.0,594.0,270
41.05,332.5,142.5,0.0,228.0,0.0,932.0,594.0,365
44.30,198.6,132.4,0.0,192.0,0.0,978.4,825.5,360
47.03,266.0,114.0,0.0,228.0,0.0,932.0,670.0,90
43.70,380.0,95.0,0.0,228.0,0.0,932.0,594.0,365
36.45,380.0,95.0,0.0,228.0,0.0,932.0,594.0,28
45.85,266.0,114.0,0.0,228.0,0.0,932.0,670.0,28
39.29,475.0,0.0,0.0,228.0,0.0,932.0,594.0,28
38.07,198.6,132.4,0.0,192.0,0.0,978.4,825.5,90
28.02,198.6,132.4,0.0,192.0,0.0,978.4,825.5,28
43.01,427.5,47.5,0.0,228.0,0.0,932.0,594.0,270
42.33,190.0,190.0,0.0,228.0,0.0,932.0,670.0,90
47.81,304.0,76.0,0.0,228.0,0.0,932.0,670.0,28
52.91,380.0,0.0,0.0,228.0,0.0,932.0,670.0,90
39.36,139.6,209.4,0.0,192.0,0.0,1047.0,806.9,90
56.14,342.0,38.0,0.0,228.0,0.0,932.0,670.0,365
40.56,380.0,95.0,0.0,228.0,0.0,932.0,594.0,90
42.62,475.0,0.0,0.0,228.0,0.0,932.0,594.0,180
41.84,427.5,47.5,0.0,228.0,0.0,932.0,594.0,180
28.24,139.6,209.4,0.0,192.0,0.0,1047.0,806.9,28
8.06,139.6,209.4,0.0,192.0,0.0,1047.0,806.9,3
44.21,139.6,209.4,0.0,192.0,0.0,1047.0,806.9,180
52.52,380.0,0.0,0.0,228.0,0.0,932.0,670.0,365
53.30,380.0,0.0,0.0,228.0,0.0,932.0,670.0,270
41.15,380.0,95.0,0.0,228.0,0.0,932.0,594.0,270
52.12,342.0,38.0,0.0,228.0,0.0,932.0,670.0,180
37.43,427.5,47.5,0.0,228.0,0.0,932.0,594.0,28
38.60,475.0,0.0,0.0,228.0,0.0,932.0,594.0,7
55.26,304.0,76.0,0.0,228.0,0.0,932.0,670.0,365
52.91,266.0,114.0,0.0,228.0,0.0,932.0,670.0,365
41.72,198.6,132.4,0.0,192.0,0.0,978.4,825.5,180
42.13,475.0,0.0,0.0,228.0,0.0,932.0,594.0,270
53.69,190.0,190.0,0.0,228.0,0.0,932.0,670.0,365
38.41,237.5,237.5,0.0,228.0,0.0,932.0,594.0,270
30.08,237.5,237.5,0.0,228.0,0.0,932.0,594.0,28
37.72,332.5,142.5,0.0,228.0,0.0,932.0,594.0,90
42.23,475.0,0.0,0.0,228.0,0.0,932.0,594.0,90
36.25,237.5,237.5,0.0,228.0,0.0,932.0,594.0,180
50.46,342.0,38.0,0.0,228.0,0.0,932.0,670.0,90
43.70,427.5,47.5,0.0,228.0,0.0,932.0,594.0,365
39.00,237.5,237.5,0.0,228.0,0.0,932.0,594.0,365
53.10,380.0,0.0,0.0,228.0,0.0,932.0,670.0,180
41.54,427.5,47.5,0.0,228.0,0.0,932.0,594.0,90
35.08,427.5,47.5,0.0,228.0,0.0,932.0,594.0,7
15.05,349.0,0.0,0.0,192.0,0.0,1047.0,806.9,3
40.76,380.0,95.0,0.0,228.0,0.0,932.0,594.0,180
26.26,237.5,237.5,0.0,228.0,0.0,932.0,594.0,7
32.82,380.0,95.0,0.0,228.0,0.0,932.0,594.0,7
39.78,332.5,142.5,0.0,228.0,0.0,932.0,594.0,180
46.93,190.0,190.0,0.0,228.0,0.0,932.0,670.0,180
33.12,237.5,237.5,0.0,228.0,0.0,932.0,594.0,90
49.19,304.0,76.0,0.0,228.0,0.0,932.0,670.0,90
14.59,139.6,209.4,0.0,192.0,0.0,1047.0,806.9,7
14.64,198.6,132.4,0.0,192.0,0.0,978.4,825.5,7
41.93,475.0,0.0,0.0,228.0,0.0,932.0,594.0,365
9.13,198.6,132.4,0.0,192.0,0.0,978.4,825.5,3
50.95,304.0,76.0,0.0,228.0,0.0,932.0,670.0,180
33.02,332.5,142.5,0.0,228.0,0.0,932.0,594.0,28
54.38,304.0,76.0,0.0,228.0,0.0,932.0,670.0,270
51.73,266.0,114.0,0.0,228.0,0.0,932.0,670.0,270
9.87,310.0,0.0,0.0,192.0,0.0,971.0,850.6,3
50.66,190.0,190.0,0.0,228.0,0.0,932.0,670.0,270
48.70,266.0,114.0,0.0,228.0,0.0,932.0,670.0,180
55.06,342.0,38.0,0.0,228.0,0.0,932.0,670.0,270
44.70,139.6,209.4,0.0,192.0,0.0,1047.0,806.9,360
30.28,332.5,142.5,0.0,228.0,0.0,932.0,594.0,7
40.86,190.0,190.0,0.0,228.0,0.0,932.0,670.0,28
71.99,485.0,0.0,0.0,146.0,0.0,1120.0,800.0,28
34.40,374.0,189.2,0.0,170.1,10.1,926.1,756.7,3
28.80,313.3,262.2,0.0,175.5,8.6,1046.9,611.8,3
33.40,425.0,106.3,0.0,153.5,16.5,852.1,887.1,3
36.30,425.0,106.3,0.0,151.4,18.6,936.0,803.7,3
29.00,375.0,93.8,0.0,126.6,23.4,852.1,992.6,3
37.80,475.0,118.8,0.0,181.1,8.9,852.1,781.5,3
40.20,469.0,117.2,0.0,137.8,32.2,852.1,840.5,3
33.40,425.0,106.3,0.0,153.5,16.5,852.1,887.1,3
28.10,388.6,97.1,0.0,157.9,12.1,852.1,925.7,3
41.30,531.3,0.0,0.0,141.8,28.2,852.1,893.7,3
33.40,425.0,106.3,0.0,153.5,16.5,852.1,887.1,3
25.20,318.8,212.5,0.0,155.7,14.3,852.1,880.4,3
41.10,401.8,94.7,0.0,147.4,11.4,946.8,852.1,3
35.30,362.6,189.0,0.0,164.9,11.6,944.7,755.8,3
28.30,323.7,282.8,0.0,183.8,10.3,942.7,659.9,3
28.60,379.5,151.2,0.0,153.9,15.9,1134.3,605.0,3
35.30,362.6,189.0,0.0,164.9,11.6,944.7,755.8,3
24.40,286.3,200.9,0.0,144.7,11.2,1004.6,803.7,3
35.30,362.6,189.0,0.0,164.9,11.6,944.7,755.8,3
39.30,439.0,177.0,0.0,186.0,11.1,884.9,707.9,3
40.60,389.9,189.0,0.0,145.9,22.0,944.7,755.8,3
35.30,362.6,189.0,0.0,164.9,11.6,944.7,755.8,3
24.10,337.9,189.0,0.0,174.9,9.5,944.7,755.8,3
46.20,374.0,189.2,0.0,170.1,10.1,926.1,756.7,7
42.80,313.3,262.2,0.0,175.5,8.6,1046.9,611.8,7
49.20,425.0,106.3,0.0,153.5,16.5,852.1,887.1,7
46.80,425.0,106.3,0.0,151.4,18.6,936.0,803.7,7
45.70,375.0,93.8,0.0,126.6,23.4,852.1,992.6,7
55.60,475.0,118.8,0.0,181.1,8.9,852.1,781.5,7
54.90,469.0,117.2,0.0,137.8,32.2,852.1,840.5,7
49.20,425.0,106.3,0.0,153.5,16.5,852.1,887.1,7
34.90,388.6,97.1,0.0,157.9,12.1,852.1,925.7,7
46.90,531.3,0.0,0.0,141.8,28.2,852.1,893.7,7
49.20,425.0,106.3,0.0,153.5,16.5,852.1,887.1,7
33.40,318.8,212.5,0.0,155.7,14.3,852.1,880.4,7
54.10,401.8,94.7,0.0,147.4,11.4,946.8,852.1,7
55.90,362.6,189.0,0.0,164.9,11.6,944.7,755.8,7
49.80,323.7,282.8,0.0,183.8,10.3,942.7,659.9,7
47.10,379.5,151.2,0.0,153.9,15.9,1134.3,605.0,7
55.90,362.6,189.0,0.0,164.9,11.6,944.7,755.8,7
38.00,286.3,200.9,0.0,144.7,11.2,1004.6,803.7,7
55.90,362.6,189.0,0.0,164.9,11.6,944.7,755.8,7
56.10,439.0,177.0,0.0,186.0,11.1,884.9,707.9,7
59.09,389.9,189.0,0.0,145.9,22.0,944.7,755.8,7
22.90,362.6,189.0,0.0,164.9,11.6,944.7,755.8,7
35.10,337.9,189.0,0.0,174.9,9.5,944.7,755.8,7
61.09,374.0,189.2,0.0,170.1,10.1,926.1,756.7,28
59.80,313.3,262.2,0.0,175.5,8.6,1046.9,611.8,28
60.29,425.0,106.3,0.0,153.5,16.5,852.1,887.1,28
61.80,425.0,106.3,0.0,151.4,18.6,936.0,803.7,28
56.70,375.0,93.8,0.0,126.6,23.4,852.1,992.6,28
68.30,475.0,118.8,0.0,181.1,8.9,852.1,781.5,28
66.90,469.0,117.2,0.0,137.8,32.2,852.1,840.5,28
60.29,425.0,106.3,0.0,153.5,16.5,852.1,887.1,28
50.70,388.6,97.1,0.0,157.9,12.1,852.1,925.7,28
56.40,531.3,0.0,0.0,141.8,28.2,852.1,893.7,28
60.29,425.0,106.3,0.0,153.5,16.5,852.1,887.1,28
55.50,318.8,212.5,0.0,155.7,14.3,852.1,880.4,28
68.50,401.8,94.7,0.0,147.4,11.4,946.8,852.1,28
71.30,362.6,189.0,0.0,164.9,11.6,944.7,755.8,28
74.70,323.7,282.8,0.0,183.8,10.3,942.7,659.9,28
52.20,379.5,151.2,0.0,153.9,15.9,1134.3,605.0,28
71.30,362.6,189.0,0.0,164.9,11.6,944.7,755.8,28
67.70,286.3,200.9,0.0,144.7,11.2,1004.6,803.7,28
71.30,362.6,189.0,0.0,164.9,11.6,944.7,755.8,28
66.00,439.0,177.0,0.0,186.0,11.1,884.9,707.9,28
74.50,389.9,189.0,0.0,145.9,22.0,944.7,755.8,28
71.30,362.6,189.0,0.0,164.9,11.6,944.7,755.8,28
49.90,337.9,189.0,0.0,174.9,9.5,944.7,755.8,28
63.40,374.0,189.2,0.0,170.1,10.1,926.1,756.7,56
64.90,313.3,262.2,0.0,175.5,8.6,1046.9,611.8,56
64.30,425.0,106.3,0.0,153.5,16.5,852.1,887.1,56
64.90,425.0,106.3,0.0,151.4,18.6,936.0,803.7,56
60.20,375.0,93.8,0.0,126.6,23.4,852.1,992.6,56
72.30,475.0,118.8,0.0,181.1,8.9,852.1,781.5,56
69.30,469.0,117.2,0.0,137.8,32.2,852.1,840.5,56
64.30,425.0,106.3,0.0,153.5,16.5,852.1,887.1,56
55.20,388.6,97.1,0.0,157.9,12.1,852.1,925.7,56
58.80,531.3,0.0,0.0,141.8,28.2,852.1,893.7,56
64.30,425.0,106.3,0.0,153.5,16.5,852.1,887.1,56
66.10,318.8,212.5,0.0,155.7,14.3,852.1,880.4,56
73.70,401.8,94.7,0.0,147.4,11.4,946.8,852.1,56
77.30,362.6,189.0,0.0,164.9,11.6,944.7,755.8,56
80.20,323.7,282.8,0.0,183.8,10.3,942.7,659.9,56
54.90,379.5,151.2,0.0,153.9,15.9,1134.3,605.0,56
77.30,362.6,189.0,0.0,164.9,11.6,944.7,755.8,56
72.99,286.3,200.9,0.0,144.7,11.2,1004.6,803.7,56
77.30,362.6,189.0,0.0,164.9,11.6,944.7,755.8,56
71.70,439.0,177.0,0.0,186.0,11.1,884.9,707.9,56
79.40,389.9,189.0,0.0,145.9,22.0,944.7,755.8,56
77.30,362.6,189.0,0.0,164.9,11.6,944.7,755.8,56
59.89,337.9,189.0,0.0,174.9,9.5,944.7,755.8,56
64.90,374.0,189.2,0.0,170.1,10.1,926.1,756.7,91
66.60,313.3,262.2,0.0,175.5,8.6,1046.9,611.8,91
65.20,425.0,106.3,0.0,153.5,16.5,852.1,887.1,91
66.70,425.0,106.3,0.0,151.4,18.6,936.0,803.7,91
62.50,375.0,93.8,0.0,126.6,23.4,852.1,992.6,91
74.19,475.0,118.8,0.0,181.1,8.9,852.1,781.5,91
70.70,469.0,117.2,0.0,137.8,32.2,852.1,840.5,91
65.20,425.0,106.3,0.0,153.5,16.5,852.1,887.1,91
57.60,388.6,97.1,0.0,157.9,12.1,852.1,925.7,91
59.20,531.3,0.0,0.0,141.8,28.2,852.1,893.7,91
65.20,425.0,106.3,0.0,153.5,16.5,852.1,887.1,91
68.10,318.8,212.5,0.0,155.7,14.3,852.1,880.4,91
75.50,401.8,94.7,0.0,147.4,11.4,946.8,852.1,91
79.30,362.6,189.0,0.0,164.9,11.6,944.7,755.8,91
56.50,379.5,151.2,0.0,153.9,15.9,1134.3,605.0,91
79.30,362.6,189.0,0.0,164.9,11.6,944.7,755.8,91
76.80,286.3,200.9,0.0,144.7,11.2,1004.6,803.7,91
79.30,362.6,189.0,0.0,164.9,11.6,944.7,755.8,91
73.30,439.0,177.0,0.0,186.0,11.1,884.9,707.9,91
82.60,389.9,189.0,0.0,145.9,22.0,944.7,755.8,91
79.30,362.6,189.0,0.0,164.9,11.6,944.7,755.8,91
67.80,337.9,189.0,0.0,174.9,9.5,944.7,755.8,91
11.58,222.4,0.0,96.7,189.3,4.5,967.1,870.3,3
24.45,222.4,0.0,96.7,189.3,4.5,967.1,870.3,14
24.89,222.4,0.0,96.7,189.3,4.5,967.1,870.3,28
29.45,222.4,0.0,96.7,189.3,4.5,967.1,870.3,56
40.71,222.4,0.0,96.7,189.3,4.5,967.1,870.3,100
10.38,233.8,0.0,94.6,197.9,4.6,947.0,852.2,3
22.14,233.8,0.0,94.6,197.9,4.6,947.0,852.2,14
22.84,233.8,0.0,94.6,197.9,4.6,947.0,852.2,28
27.66,233.8,0.0,94.6,197.9,4.6,947.0,852.2,56
34.56,233.8,0.0,94.6,197.9,4.6,947.0,852.2,100
12.45,194.7,0.0,100.5,165.6,7.5,1006.4,905.9,3
24.99,194.7,0.0,100.5,165.6,7.5,1006.4,905.9,14
25.72,194.7,0.0,100.5,165.6,7.5,1006.4,905.9,28
33.96,194.7,0.0,100.5,165.6,7.5,1006.4,905.9,56
37.34,194.7,0.0,100.5,165.6,7.5,1006.4,905.9,100
15.04,190.7,0.0,125.4,162.1,7.8,1090.0,804.0,3
21.06,190.7,0.0,125.4,162.1,7.8,1090.0,804.0,14
26.40,190.7,0.0,125.4,162.1,7.8,1090.0,804.0,28
35.34,190.7,0.0,125.4,162.1,7.8,1090.0,804.0,56
40.57,190.7,0.0,125.4,162.1,7.8,1090.0,804.0,100
12.47,212.1,0.0,121.6,180.3,5.7,1057.6,779.3,3
20.92,212.1,0.0,121.6,180.3,5.7,1057.6,779.3,14
24.90,212.1,0.0,121.6,180.3,5.7,1057.6,779.3,28
34.20,212.1,0.0,121.6,180.3,5.7,1057.6,779.3,56
39.61,212.1,0.0,121.6,180.3,5.7,1057.6,779.3,100
10.03,230.0,0.0,118.3,195.5,4.6,1029.4,758.6,3
20.08,230.0,0.0,118.3,195.5,4.6,1029.4,758.6,14
24.48,230.0,0.0,118.3,195.5,4.6,1029.4,758.6,28
31.54,230.0,0.0,118.3,195.5,4.6,1029.4,758.6,56
35.34,230.0,0.0,118.3,195.5,4.6,1029.4,758.6,100
9.45,190.3,0.0,125.2,161.9,9.9,1088.1,802.6,3
22.72,190.3,0.0,125.2,161.9,9.9,1088.1,802.6,14
28.47,190.3,0.0,125.2,161.9,9.9,1088.1,802.6,28
38.56,190.3,0.0,125.2,161.9,9.9,1088.1,802.6,56
40.39,190.3,0.0,125.2,161.9,9.9,1088.1,802.6,100
10.76,166.1,0.0,163.3,176.5,4.5,1058.6,780.1,3
25.48,166.1,0.0,163.3,176.5,4.5,1058.6,780.1,14
21.54,166.1,0.0,163.3,176.5,4.5,1058.6,780.1,28
28.63,166.1,0.0,163.3,176.5,4.5,1058.6,780.1,56
33.54,166.1,0.0,163.3,176.5,4.5,1058.6,780.1,100
7.75,168.0,42.1,163.8,121.8,5.7,1058.7,780.1,3
17.82,168.0,42.1,163.8,121.8,5.7,1058.7,780.1,14
24.24,168.0,42.1,163.8,121.8,5.7,1058.7,780.1,28
32.85,168.0,42.1,163.8,121.8,5.7,1058.7,780.1,56
39.23,168.0,42.1,163.8,121.8,5.7,1058.7,780.1,100
18.00,213.7,98.1,24.5,181.7,6.9,1065.8,785.4,3
30.39,213.7,98.1,24.5,181.7,6.9,1065.8,785.4,14
45.71,213.7,98.1,24.5,181.7,6.9,1065.8,785.4,28
50.77,213.7,98.1,24.5,181.7,6.9,1065.8,785.4,56
53.90,213.7,98.1,24.5,181.7,6.9,1065.8,785.4,100
13.18,213.8,98.1,24.5,181.7,6.7,1066.0,785.5,3
17.84,213.8,98.1,24.5,181.7,6.7,1066.0,785.5,14
40.23,213.8,98.1,24.5,181.7,6.7,1066.0,785.5,28
47.13,213.8,98.1,24.5,181.7,6.7,1066.0,785.5,56
49.97,213.8,98.1,24.5,181.7,6.7,1066.0,785.5,100
13.36,229.7,0.0,118.2,195.2,6.1,1028.1,757.6,3
22.32,229.7,0.0,118.2,195.2,6.1,1028.1,757.6,14
24.54,229.7,0.0,118.2,195.2,6.1,1028.1,757.6,28
31.35,229.7,0.0,118.2,195.2,6.1,1028.1,757.6,56
40.86,229.7,0.0,118.2,195.2,6.1,1028.1,757.6,100
19.93,238.1,0.0,94.1,186.7,7.0,949.9,847.0,3
25.69,238.1,0.0,94.1,186.7,7.0,949.9,847.0,14
30.23,238.1,0.0,94.1,186.7,7.0,949.9,847.0,28
39.59,238.1,0.0,94.1,186.7,7.0,949.9,847.0,56
44.30,238.1,0.0,94.1,186.7,7.0,949.9,847.0,100
13.82,250.0,0.0,95.7,187.4,5.5,956.9,861.2,3
24.92,250.0,0.0,95.7,187.4,5.5,956.9,861.2,14
29.22,250.0,0.0,95.7,187.4,5.5,956.9,861.2,28
38.33,250.0,0.0,95.7,187.4,5.5,956.9,861.2,56
42.35,250.0,0.0,95.7,187.4,5.5,956.9,861.2,100
13.54,212.5,0.0,100.4,159.3,8.7,1007.8,903.6,3
26.31,212.5,0.0,100.4,159.3,8.7,1007.8,903.6,14
31.64,212.5,0.0,100.4,159.3,8.7,1007.8,903.6,28
42.55,212.5,0.0,100.4,159.3,8.7,1007.8,903.6,56
42.92,212.5,0.0,100.4,159.3,8.7,1007.8,903.6,100
13.33,212.6,0.0,100.4,159.4,10.4,1003.8,903.8,3
25.37,212.6,0.0,100.4,159.4,10.4,1003.8,903.8,14
37.40,212.6,0.0,100.4,159.4,10.4,1003.8,903.8,28
44.40,212.6,0.0,100.4,159.4,10.4,1003.8,903.8,56
47.74,212.6,0.0,100.4,159.4,10.4,1003.8,903.8,100
19.52,212.0,0.0,124.8,159.0,7.8,1085.4,799.5,3
31.35,212.0,0.0,124.8,159.0,7.8,1085.4,799.5,14
38.50,212.0,0.0,124.8,159.0,7.8,1085.4,799.5,28
45.08,212.0,0.0,124.8,159.0,7.8,1085.4,799.5,56
47.82,212.0,0.0,124.8,159.0,7.8,1085.4,799.5,100
15.44,231.8,0.0,121.6,174.0,6.7,1056.4,778.5,3
26.77,231.8,0.0,121.6,174.0,6.7,1056.4,778.5,14
33.73,231.8,0.0,121.6,174.0,6.7,1056.4,778.5,28
42.70,231.8,0.0,121.6,174.0,6.7,1056.4,778.5,56
45.84,231.8,0.0,121.6,174.0,6.7,1056.4,778.5,100
17.22,251.4,0.0,118.3,188.5,5.8,1028.4,757.7,3
29.93,251.4,0.0,118.3,188.5,5.8,1028.4,757.7,14
29.65,251.4,0.0,118.3,188.5,5.8,1028.4,757.7,28
36.97,251.4,0.0,118.3,188.5,5.8,1028.4,757.7,56
43.58,251.4,0.0,118.3,188.5,5.8,1028.4,757.7,100
13.12,251.4,0.0,118.3,188.5,6.4,1028.4,757.7,3
24.43,251.4,0.0,118.3,188.5,6.4,1028.4,757.7,14
32.66,251.4,0.0,118.3,188.5,6.4,1028.4,757.7,28
36.64,251.4,0.0,118.3,188.5,6.4,1028.4,757.7,56
44.21,251.4,0.0,118.3,188.5,6.4,1028.4,757.7,100
13.62,181.4,0.0,167.0,169.6,7.6,1055.6,777.8,3
21.60,181.4,0.0,167.0,169.6,7.6,1055.6,777.8,14
27.77,181.4,0.0,167.0,169.6,7.6,1055.6,777.8,28
35.57,181.4,0.0,167.0,169.6,7.6,1055.6,777.8,56
45.37,181.4,0.0,167.0,169.6,7.6,1055.6,777.8,100
7.32,182.0,45.2,122.0,170.2,8.2,1059.4,780.7,3
21.50,182.0,45.2,122.0,170.2,8.2,1059.4,780.7,14
31.27,182.0,45.2,122.0,170.2,8.2,1059.4,780.7,28
43.50,182.0,45.2,122.0,170.2,8.2,1059.4,780.7,56
48.67,182.0,45.2,122.0,170.2,8.2,1059.4,780.7,100
7.40,168.9,42.2,124.3,158.3,10.8,1080.8,796.2,3
23.51,168.9,42.2,124.3,158.3,10.8,1080.8,796.2,14
31.12,168.9,42.2,124.3,158.3,10.8,1080.8,796.2,28
39.15,168.9,42.2,124.3,158.3,10.8,1080.8,796.2,56
48.15,168.9,42.2,124.3,158.3,10.8,1080.8,796.2,100
22.50,290.4,0.0,96.2,168.1,9.4,961.2,865.0,3
34.67,290.4,0.0,96.2,168.1,9.4,961.2,865.0,14
34.74,290.4,0.0,96.2,168.1,9.4,961.2,865.0,28
45.08,290.4,0.0,96.2,168.1,9.4,961.2,865.0,56
48.97,290.4,0.0,96.2,168.1,9.4,961.2,865.0,100
23.14,277.1,0.0,97.4,160.6,11.8,973.9,875.6,3
41.89,277.1,0.0,97.4,160.6,11.8,973.9,875.6,14
48.28,277.1,0.0,97.4,160.6,11.8,973.9,875.6,28
51.04,277.1,0.0,97.4,160.6,11.8,973.9,875.6,56
55.64,277.1,0.0,97.4,160.6,11.8,973.9,875.6,100
22.95,295.7,0.0,95.6,171.5,8.9,955.1,859.2,3
35.23,295.7,0.0,95.6,171.5,8.9,955.1,859.2,14
39.94,295.7,0.0,95.6,171.5,8.9,955.1,859.2,28
48.72,295.7,0.0,95.6,171.5,8.9,955.1,859.2,56
52.04,295.7,0.0,95.6,171.5,8.9,955.1,859.2,100
21.02,251.8,0.0,99.9,146.1,12.4,1006.0,899.8,3
33.36,251.8,0.0,99.9,146.1,12.4,1006.0,899.8,14
33.94,251.8,0.0,99.9,146.1,12.4,1006.0,899.8,28
44.14,251.8,0.0,99.9,146.1,12.4,1006.0,899.8,56
45.37,251.8,0.0,99.9,146.1,12.4,1006.0,899.8,100
15.36,249.1,0.0,98.8,158.1,12.8,987.8,889.0,3
28.68,249.1,0.0,98.8,158.1,12.8,987.8,889.0,14
30.85,249.1,0.0,98.8,158.1,12.8,987.8,889.0,28
42.03,249.1,0.0,98.8,158.1,12.8,987.8,889.0,56
51.06,249.1,0.0,98.8,158.1,12.8,987.8,889.0,100
21.78,252.3,0.0,98.8,146.3,14.2,987.8,889.0,3
42.29,252.3,0.0,98.8,146.3,14.2,987.8,889.0,14
50.60,252.3,0.0,98.8,146.3,14.2,987.8,889.0,28
55.83,252.3,0.0,98.8,146.3,14.2,987.8,889.0,56
60.95,252.3,0.0,98.8,146.3,14.2,987.8,889.0,100
23.52,246.8,0.0,125.1,143.3,12.0,1086.8,800.9,3
42.22,246.8,0.0,125.1,143.3,12.0,1086.8,800.9,14
52.50,246.8,0.0,125.1,143.3,12.0,1086.8,800.9,28
60.32,246.8,0.0,125.1,143.3,12.0,1086.8,800.9,56
66.42,246.8,0.0,125.1,143.3,12.0,1086.8,800.9,100
23.80,275.1,0.0,121.4,159.5,9.9,1053.6,777.5,3
38.77,275.1,0.0,121.4,159.5,9.9,1053.6,777.5,14
51.33,275.1,0.0,121.4,159.5,9.9,1053.6,777.5,28
56.85,275.1,0.0,121.4,159.5,9.9,1053.6,777.5,56
58.61,275.1,0.0,121.4,159.5,9.9,1053.6,777.5,100
21.91,297.2,0.0,117.5,174.8,9.5,1022.8,753.5,3
36.99,297.2,0.0,117.5,174.8,9.5,1022.8,753.5,14
47.40,297.2,0.0,117.5,174.8,9.5,1022.8,753.5,28
51.96,297.2,0.0,117.5,174.8,9.5,1022.8,753.5,56
56.74,297.2,0.0,117.5,174.8,9.5,1022.8,753.5,100
17.57,213.7,0.0,174.7,154.8,10.2,1053.5,776.4,3
33.73,213.7,0.0,174.7,154.8,10.2,1053.5,776.4,14
40.15,213.7,0.0,174.7,154.8,10.2,1053.5,776.4,28
46.64,213.7,0.0,174.7,154.8,10.2,1053.5,776.4,56
50.08,213.7,0.0,174.7,154.8,10.2,1053.5,776.4,100
17.37,213.5,0.0,174.2,154.6,11.7,1052.3,775.5,3
33.70,213.5,0.0,174.2,154.6,11.7,1052.3,775.5,14
45.94,213.5,0.0,174.2,154.6,11.7,1052.3,775.5,28
51.43,213.5,0.0,174.2,154.6,11.7,1052.3,775.5,56
59.30,213.5,0.0,174.2,154.6,11.7,1052.3,775.5,100
30.45,277.2,97.8,24.5,160.7,11.2,1061.7,782.5,3
47.71,277.2,97.8,24.5,160.7,11.2,1061.7,782.5,14
63.14,277.2,97.8,24.5,160.7,11.2,1061.7,782.5,28
66.82,277.2,97.8,24.5,160.7,11.2,1061.7,782.5,56
66.95,277.2,97.8,24.5,160.7,11.2,1061.7,782.5,100
27.42,218.2,54.6,123.8,140.8,11.9,1075.7,792.7,3
35.96,218.2,54.6,123.8,140.8,11.9,1075.7,792.7,14
55.51,218.2,54.6,123.8,140.8,11.9,1075.7,792.7,28
61.99,218.2,54.6,123.8,140.8,11.9,1075.7,792.7,56
63.53,218.2,54.6,123.8,140.8,11.9,1075.7,792.7,100
18.02,214.9,53.8,121.9,155.6,9.6,1014.3,780.6,3
38.60,214.9,53.8,121.9,155.6,9.6,1014.3,780.6,14
52.20,214.9,53.8,121.9,155.6,9.6,1014.3,780.6,28
53.96,214.9,53.8,121.9,155.6,9.6,1014.3,780.6,56
56.63,214.9,53.8,121.9,155.6,9.6,1014.3,780.6,100
15.34,218.9,0.0,124.1,158.5,11.3,1078.7,794.9,3
26.05,218.9,0.0,124.1,158.5,11.3,1078.7,794.9,14
30.22,218.9,0.0,124.1,158.5,11.3,1078.7,794.9,28
37.27,218.9,0.0,124.1,158.5,11.3,1078.7,794.9,56
46.23,218.9,0.0,124.1,158.5,11.3,1078.7,794.9,100
16.28,376.0,0.0,0.0,214.6,0.0,1003.5,762.4,3
25.62,376.0,0.0,0.0,214.6,0.0,1003.5,762.4,14
31.97,376.0,0.0,0.0,214.6,0.0,1003.5,762.4,28
36.30,376.0,0.0,0.0,214.6,0.0,1003.5,762.4,56
43.06,376.0,0.0,0.0,214.6,0.0,1003.5,762.4,100
67.57,500.0,0.0,0.0,140.0,4.0,966.0,853.0,28
57.23,475.0,0.0,59.0,142.0,1.9,1098.0,641.0,28
81.75,315.0,137.0,0.0,145.0,5.9,1130.0,745.0,28
64.02,505.0,0.0,60.0,195.0,0.0,1030.0,630.0,28
78.80,451.0,0.0,0.0,165.0,11.3,1030.0,745.0,28
41.37,516.0,0.0,0.0,162.0,8.2,801.0,802.0,28
60.28,520.0,0.0,0.0,170.0,5.2,855.0,855.0,28
56.83,528.0,0.0,0.0,185.0,6.9,920.0,720.0,28
51.02,520.0,0.0,0.0,175.0,5.2,870.0,805.0,28
55.55,385.0,0.0,136.0,158.0,20.0,903.0,768.0,28
44.13,500.1,0.0,0.0,200.0,3.0,1124.4,613.2,28
39.38,450.1,50.0,0.0,200.0,3.0,1124.4,613.2,28
55.65,397.0,17.2,158.0,167.0,20.8,967.0,633.0,28
47.28,333.0,17.5,163.0,167.0,17.9,996.0,652.0,28
44.33,334.0,17.6,158.0,189.0,15.3,967.0,633.0,28
52.30,405.0,0.0,0.0,175.0,0.0,1120.0,695.0,28
49.25,200.0,200.0,0.0,190.0,0.0,1145.0,660.0,28
41.37,516.0,0.0,0.0,162.0,8.3,801.0,802.0,28
29.16,145.0,116.0,119.0,184.0,5.7,833.0,880.0,28
39.40,160.0,128.0,122.0,182.0,6.4,824.0,879.0,28
39.30,234.0,156.0,0.0,189.0,5.9,981.0,760.0,28
67.87,250.0,180.0,95.0,159.0,9.5,860.0,800.0,28
58.52,475.0,0.0,0.0,162.0,9.5,1044.0,662.0,28
53.58,285.0,190.0,0.0,163.0,7.6,1031.0,685.0,28
59.00,356.0,119.0,0.0,160.0,9.0,1061.0,657.0,28
76.24,275.0,180.0,120.0,162.0,10.4,830.0,765.0,28
69.84,500.0,0.0,0.0,151.0,9.0,1033.0,655.0,28
14.40,165.0,0.0,143.6,163.8,0.0,1005.6,900.9,3
19.42,165.0,128.5,132.1,175.1,8.1,1005.8,746.6,3
20.73,178.0,129.8,118.6,179.9,3.6,1007.3,746.8,3
14.94,167.4,129.9,128.6,175.5,7.8,1006.3,746.6,3
21.29,172.4,13.6,172.4,156.8,4.1,1006.3,856.4,3
23.08,173.5,50.1,173.5,164.8,6.5,1006.2,793.5,3
15.52,167.0,75.4,167.0,164.0,7.9,1007.3,770.1,3
15.82,173.8,93.4,159.9,172.3,9.7,1007.2,746.6,3
12.55,190.3,0.0,125.2,166.6,9.9,1079.0,798.9,3
8.49,250.0,0.0,95.7,191.8,5.3,948.9,857.2,3
15.61,213.5,0.0,174.2,159.2,11.7,1043.6,771.9,3
12.18,194.7,0.0,100.5,170.2,7.5,998.0,901.8,3
11.98,251.4,0.0,118.3,192.9,5.8,1043.6,754.3,3
16.88,165.0,0.0,143.6,163.8,0.0,1005.6,900.9,14
33.09,165.0,128.5,132.1,175.1,8.1,1005.8,746.6,14
34.24,178.0,129.8,118.6,179.9,3.6,1007.3,746.8,14
31.81,167.4,129.9,128.6,175.5,7.8,1006.3,746.6,14
29.75,172.4,13.6,172.4,156.8,4.1,1006.3,856.4,14
33.01,173.5,50.1,173.5,164.8,6.5,1006.2,793.5,14
32.90,167.0,75.4,167.0,164.0,7.9,1007.3,770.1,14
29.55,173.8,93.4,159.9,172.3,9.7,1007.2,746.6,14
19.42,190.3,0.0,125.2,166.6,9.9,1079.0,798.9,14
24.66,250.0,0.0,95.7,191.8,5.3,948.9,857.2,14
29.59,213.5,0.0,174.2,159.2,11.7,1043.6,771.9,14
24.28,194.7,0.0,100.5,170.2,7.5,998.0,901.8,14
20.73,251.4,0.0,118.3,192.9,5.8,1043.6,754.3,14
26.20,165.0,0.0,143.6,163.8,0.0,1005.6,900.9,28
46.39,165.0,128.5,132.1,175.1,8.1,1005.8,746.6,28
39.16,178.0,129.8,118.6,179.9,3.6,1007.3,746.8,28
41.20,167.4,129.9,128.6,175.5,7.8,1006.3,746.6,28
33.69,172.4,13.6,172.4,156.8,4.1,1006.3,856.4,28
38.20,173.5,50.1,173.5,164.8,6.5,1006.2,793.5,28
41.41,167.0,75.4,167.0,164.0,7.9,1007.3,770.1,28
37.81,173.8,93.4,159.9,172.3,9.7,1007.2,746.6,28
24.85,190.3,0.0,125.2,166.6,9.9,1079.0,798.9,28
27.22,250.0,0.0,95.7,191.8,5.3,948.9,857.2,28
44.64,213.5,0.0,174.2,159.2,11.7,1043.6,771.9,28
37.27,194.7,0.0,100.5,170.2,7.5,998.0,901.8,28
33.27,251.4,0.0,118.3,192.9,5.8,1043.6,754.3,28
36.56,165.0,0.0,143.6,163.8,0.0,1005.6,900.9,56
53.72,165.0,128.5,132.1,175.1,8.1,1005.8,746.6,56
48.59,178.0,129.8,118.6,179.9,3.6,1007.3,746.8,56
51.72,167.4,129.9,128.6,175.5,7.8,1006.3,746.6,56
35.85,172.4,13.6,172.4,156.8,4.1,1006.3,856.4,56
53.77,173.5,50.1,173.5,164.8,6.5,1006.2,793.5,56
53.46,167.0,75.4,167.0,164.0,7.9,1007.3,770.1,56
48.99,173.8,93.4,159.9,172.3,9.7,1007.2,746.6,56
31.72,190.3,0.0,125.2,166.6,9.9,1079.0,798.9,56
39.64,250.0,0.0,95.7,191.8,5.3,948.9,857.2,56
51.26,213.5,0.0,174.2,159.2,11.7,1043.6,771.9,56
43.39,194.7,0.0,100.5,170.2,7.5,998.0,901.8,56
39.27,251.4,0.0,118.3,192.9,5.8,1043.6,754.3,56
37.96,165.0,0.0,143.6,163.8,0.0,1005.6,900.9,100
55.02,165.0,128.5,132.1,175.1,8.1,1005.8,746.6,100
49.99,178.0,129.8,118.6,179.9,3.6,1007.3,746.8,100
53.66,167.4,129.9,128.6,175.5,7.8,1006.3,746.6,100
37.68,172.4,13.6,172.4,156.8,4.1,1006.3,856.4,100
56.06,173.5,50.1,173.5,164.8,6.5,1006.2,793.5,100
56.81,167.0,75.4,167.0,164.0,7.9,1007.3,770.1,100
50.94,173.8,93.4,159.9,172.3,9.7,1007.2,746.6,100
33.56,190.3,0.0,125.2,166.6,9.9,1079.0,798.9,100
41.16,250.0,0.0,95.7,191.8,5.3,948.9,857.2,100
52.96,213.5,0.0,174.2,159.2,11.7,1043.6,771.9,100
44.28,194.7,0.0,100.5,170.2,7.5,998.0,901.8,100
40.15,251.4,0.0,118.3,192.9,5.8,1043.6,754.3,100
57.03,446.0,24.0,79.0,162.0,11.6,967.0,712.0,28
44.42,446.0,24.0,79.0,162.0,11.6,967.0,712.0,28
51.02,446.0,24.0,79.0,162.0,11.6,967.0,712.0,28
53.39,446.0,24.0,79.0,162.0,10.3,967.0,712.0,28
35.36,446.0,24.0,79.0,162.0,11.6,967.0,712.0,3
25.02,446.0,24.0,79.0,162.0,11.6,967.0,712.0,3
23.35,446.0,24.0,79.0,162.0,11.6,967.0,712.0,3
52.01,446.0,24.0,79.0,162.0,11.6,967.0,712.0,7
38.02,446.0,24.0,79.0,162.0,11.6,967.0,712.0,7
39.30,446.0,24.0,79.0,162.0,11.6,967.0,712.0,7
61.07,446.0,24.0,79.0,162.0,11.6,967.0,712.0,56
56.14,446.0,24.0,79.0,162.0,11.6,967.0,712.0,56
55.25,446.0,24.0,79.0,162.0,11.6,967.0,712.0,56
54.77,446.0,24.0,79.0,162.0,10.3,967.0,712.0,56
50.24,387.0,20.0,94.0,157.0,14.3,938.0,845.0,28
46.68,387.0,20.0,94.0,157.0,13.9,938.0,845.0,28
46.68,387.0,20.0,94.0,157.0,11.6,938.0,845.0,28
22.75,387.0,20.0,94.0,157.0,14.3,938.0,845.0,3
25.51,387.0,20.0,94.0,157.0,13.9,938.0,845.0,3
34.77,387.0,20.0,94.0,157.0,11.6,938.0,845.0,3
36.84,387.0,20.0,94.0,157.0,14.3,938.0,845.0,7
45.90,387.0,20.0,94.0,157.0,13.9,938.0,845.0,7
41.67,387.0,20.0,94.0,157.0,11.6,938.0,845.0,7
56.34,387.0,20.0,94.0,157.0,14.3,938.0,845.0,56
47.97,387.0,20.0,94.0,157.0,13.9,938.0,845.0,56
61.46,387.0,20.0,94.0,157.0,11.6,938.0,845.0,56
44.03,355.0,19.0,97.0,145.0,13.1,967.0,871.0,28
55.45,355.0,19.0,97.0,145.0,12.3,967.0,871.0,28
55.55,491.0,26.0,123.0,210.0,3.9,882.0,699.0,28
57.92,491.0,26.0,123.0,201.0,3.9,822.0,699.0,28
25.61,491.0,26.0,123.0,210.0,3.9,882.0,699.0,3
33.49,491.0,26.0,123.0,210.0,3.9,882.0,699.0,7
59.59,491.0,26.0,123.0,210.0,3.9,882.0,699.0,56
29.55,491.0,26.0,123.0,201.0,3.9,822.0,699.0,3
37.92,491.0,26.0,123.0,201.0,3.9,822.0,699.0,7
61.86,491.0,26.0,123.0,201.0,3.9,822.0,699.0,56
62.05,424.0,22.0,132.0,178.0,8.5,822.0,750.0,28
32.01,424.0,22.0,132.0,178.0,8.5,882.0,750.0,3
72.10,424.0,22.0,132.0,168.0,8.9,822.0,750.0,28
39.00,424.0,22.0,132.0,178.0,8.5,822.0,750.0,7
65.70,424.0,22.0,132.0,178.0,8.5,822.0,750.0,56
32.11,424.0,22.0,132.0,168.0,8.9,822.0,750.0,3
40.29,424.0,22.0,132.0,168.0,8.9,822.0,750.0,7
74.36,424.0,22.0,132.0,168.0,8.9,822.0,750.0,56
21.97,202.0,11.0,141.0,206.0,1.7,942.0,801.0,28
9.85,202.0,11.0,141.0,206.0,1.7,942.0,801.0,3
15.07,202.0,11.0,141.0,206.0,1.7,942.0,801.0,7
23.25,202.0,11.0,141.0,206.0,1.7,942.0,801.0,56
43.73,284.0,15.0,141.0,179.0,5.5,842.0,801.0,28
13.40,284.0,15.0,141.0,179.0,5.5,842.0,801.0,3
24.13,284.0,15.0,141.0,179.0,5.5,842.0,801.0,7
44.52,284.0,15.0,141.0,179.0,5.5,842.0,801.0,56
62.94,359.0,19.0,141.0,154.0,10.9,942.0,801.0,28
59.49,359.0,19.0,141.0,154.0,10.9,942.0,801.0,28
25.12,359.0,19.0,141.0,154.0,10.9,942.0,801.0,3
23.64,359.0,19.0,141.0,154.0,10.9,942.0,801.0,3
35.75,359.0,19.0,141.0,154.0,10.9,942.0,801.0,7
38.61,359.0,19.0,141.0,154.0,10.9,942.0,801.0,7
68.75,359.0,19.0,141.0,154.0,10.9,942.0,801.0,56
66.78,359.0,19.0,141.0,154.0,10.9,942.0,801.0,56
23.85,436.0,0.0,0.0,218.0,0.0,838.4,719.7,28
32.07,289.0,0.0,0.0,192.0,0.0,913.2,895.3,90
11.65,289.0,0.0,0.0,192.0,0.0,913.2,895.3,3
19.20,393.0,0.0,0.0,192.0,0.0,940.6,785.6,3
48.85,393.0,0.0,0.0,192.0,0.0,940.6,785.6,90
39.60,393.0,0.0,0.0,192.0,0.0,940.6,785.6,28
43.94,480.0,0.0,0.0,192.0,0.0,936.2,712.2,28
34.57,480.0,0.0,0.0,192.0,0.0,936.2,712.2,7
54.32,480.0,0.0,0.0,192.0,0.0,936.2,712.2,90
24.40,480.0,0.0,0.0,192.0,0.0,936.2,712.2,3
15.62,333.0,0.0,0.0,192.0,0.0,931.2,842.6,3
21.86,255.0,0.0,0.0,192.0,0.0,889.8,945.0,90
10.22,255.0,0.0,0.0,192.0,0.0,889.8,945.0,7
14.60,289.0,0.0,0.0,192.0,0.0,913.2,895.3,7
18.75,255.0,0.0,0.0,192.0,0.0,889.8,945.0,28
31.97,333.0,0.0,0.0,192.0,0.0,931.2,842.6,28
23.40,333.0,0.0,0.0,192.0,0.0,931.2,842.6,7
25.57,289.0,0.0,0.0,192.0,0.0,913.2,895.3,28
41.68,333.0,0.0,0.0,192.0,0.0,931.2,842.6,90
27.74,393.0,0.0,0.0,192.0,0.0,940.6,785.6,7
8.20,255.0,0.0,0.0,192.0,0.0,889.8,945.0,3
9.62,158.8,238.2,0.0,185.7,0.0,1040.6,734.3,7
25.42,239.6,359.4,0.0,185.7,0.0,941.6,664.3,7
15.69,238.2,158.8,0.0,185.7,0.0,1040.6,734.3,7
27.94,181.9,272.8,0.0,185.7,0.0,1012.4,714.3,28
32.63,193.5,290.2,0.0,185.7,0.0,998.2,704.3,28
17.24,255.5,170.3,0.0,185.7,0.0,1026.6,724.3,7
19.77,272.8,181.9,0.0,185.7,0.0,1012.4,714.3,7
39.44,239.6,359.4,0.0,185.7,0.0,941.6,664.3,28
25.75,220.8,147.2,0.0,185.7,0.0,1055.0,744.3,28
33.08,397.0,0.0,0.0,185.7,0.0,1040.6,734.3,28
24.07,382.5,0.0,0.0,185.7,0.0,1047.8,739.3,7
21.82,210.7,316.1,0.0,185.7,0.0,977.0,689.3,7
21.07,158.8,238.2,0.0,185.7,0.0,1040.6,734.3,28
14.84,295.8,0.0,0.0,185.7,0.0,1091.4,769.3,7
32.05,255.5,170.3,0.0,185.7,0.0,1026.6,724.3,28
11.96,203.5,135.7,0.0,185.7,0.0,1076.2,759.3,7
25.45,397.0,0.0,0.0,185.7,0.0,1040.6,734.3,7
22.49,381.4,0.0,0.0,185.7,0.0,1104.6,784.3,28
25.22,295.8,0.0,0.0,185.7,0.0,1091.4,769.3,28
39.70,228.0,342.1,0.0,185.7,0.0,955.8,674.3,28
13.09,220.8,147.2,0.0,185.7,0.0,1055.0,744.3,7
38.70,316.1,210.7,0.0,185.7,0.0,977.0,689.3,28
7.51,135.7,203.5,0.0,185.7,0.0,1076.2,759.3,7
17.58,238.1,0.0,0.0,185.7,0.0,1118.8,789.3,28
21.18,339.2,0.0,0.0,185.7,0.0,1069.2,754.3,7
18.20,135.7,203.5,0.0,185.7,0.0,1076.2,759.3,28
17.20,193.5,290.2,0.0,185.7,0.0,998.2,704.3,7
22.63,203.5,135.7,0.0,185.7,0.0,1076.2,759.3,28
21.86,290.2,193.5,0.0,185.7,0.0,998.2,704.3,7
12.37,181.9,272.8,0.0,185.7,0.0,1012.4,714.3,7
25.73,170.3,155.5,0.0,185.7,0.0,1026.6,724.3,28
37.81,210.7,316.1,0.0,185.7,0.0,977.0,689.3,28
21.92,228.0,342.1,0.0,185.7,0.0,955.8,674.3,7
33.04,290.2,193.5,0.0,185.7,0.0,998.2,704.3,28
14.54,381.4,0.0,0.0,185.7,0.0,1104.6,784.3,7
26.91,238.2,158.8,0.0,185.7,0.0,1040.6,734.3,28
8.00,186.2,124.1,0.0,185.7,0.0,1083.4,764.3,7
31.90,339.2,0.0,0.0,185.7,0.0,1069.2,754.3,28
10.34,238.1,0.0,0.0,185.7,0.0,1118.8,789.3,7
19.77,252.5,0.0,0.0,185.7,0.0,1111.6,784.3,28
37.44,382.5,0.0,0.0,185.7,0.0,1047.8,739.3,28
11.48,252.5,0.0,0.0,185.7,0.0,1111.6,784.3,7
24.44,316.1,210.7,0.0,185.7,0.0,977.0,689.3,7
17.60,186.2,124.1,0.0,185.7,0.0,1083.4,764.3,28
10.73,170.3,155.5,0.0,185.7,0.0,1026.6,724.3,7
31.38,272.8,181.9,0.0,185.7,0.0,1012.4,714.3,28
13.22,339.0,0.0,0.0,197.0,0.0,968.0,781.0,3
20.97,339.0,0.0,0.0,197.0,0.0,968.0,781.0,7
27.04,339.0,0.0,0.0,197.0,0.0,968.0,781.0,14
32.04,339.0,0.0,0.0,197.0,0.0,968.0,781.0,28
35.17,339.0,0.0,0.0,197.0,0.0,968.0,781.0,90
36.45,339.0,0.0,0.0,197.0,0.0,968.0,781.0,180
38.89,339.0,0.0,0.0,197.0,0.0,968.0,781.0,365
6.47,236.0,0.0,0.0,194.0,0.0,968.0,885.0,3
12.84,236.0,0.0,0.0,194.0,0.0,968.0,885.0,14
18.42,236.0,0.0,0.0,194.0,0.0,968.0,885.0,28
21.95,236.0,0.0,0.0,194.0,0.0,968.0,885.0,90
24.10,236.0,0.0,0.0,193.0,0.0,968.0,885.0,180
25.08,236.0,0.0,0.0,193.0,0.0,968.0,885.0,365
21.26,277.0,0.0,0.0,191.0,0.0,968.0,856.0,14
25.97,277.0,0.0,0.0,191.0,0.0,968.0,856.0,28
11.36,277.0,0.0,0.0,191.0,0.0,968.0,856.0,3
31.25,277.0,0.0,0.0,191.0,0.0,968.0,856.0,90
32.33,277.0,0.0,0.0,191.0,0.0,968.0,856.0,180
33.70,277.0,0.0,0.0,191.0,0.0,968.0,856.0,360
9.31,254.0,0.0,0.0,198.0,0.0,968.0,863.0,3
26.94,254.0,0.0,0.0,198.0,0.0,968.0,863.0,90
27.63,254.0,0.0,0.0,198.0,0.0,968.0,863.0,180
29.79,254.0,0.0,0.0,198.0,0.0,968.0,863.0,365
34.49,307.0,0.0,0.0,193.0,0.0,968.0,812.0,180
36.15,307.0,0.0,0.0,193.0,0.0,968.0,812.0,365
12.54,307.0,0.0,0.0,193.0,0.0,968.0,812.0,3
27.53,307.0,0.0,0.0,193.0,0.0,968.0,812.0,28
32.92,307.0,0.0,0.0,193.0,0.0,968.0,812.0,90
9.99,236.0,0.0,0.0,193.0,0.0,968.0,885.0,7
7.84,200.0,0.0,0.0,180.0,0.0,1125.0,845.0,7
12.25,200.0,0.0,0.0,180.0,0.0,1125.0,845.0,28
11.17,225.0,0.0,0.0,181.0,0.0,1113.0,833.0,7
17.34,225.0,0.0,0.0,181.0,0.0,1113.0,833.0,28
17.54,325.0,0.0,0.0,184.0,0.0,1063.0,783.0,7
30.57,325.0,0.0,0.0,184.0,0.0,1063.0,783.0,28
14.20,275.0,0.0,0.0,183.0,0.0,1088.0,808.0,7
24.50,275.0,0.0,0.0,183.0,0.0,1088.0,808.0,28
15.58,300.0,0.0,0.0,184.0,0.0,1075.0,795.0,7
26.85,300.0,0.0,0.0,184.0,0.0,1075.0,795.0,28
26.06,375.0,0.0,0.0,186.0,0.0,1038.0,758.0,7
38.21,375.0,0.0,0.0,186.0,0.0,1038.0,758.0,28
43.70,400.0,0.0,0.0,187.0,0.0,1025.0,745.0,28
30.14,400.0,0.0,0.0,187.0,0.0,1025.0,745.0,7
12.73,250.0,0.0,0.0,182.0,0.0,1100.0,820.0,7
20.87,250.0,0.0,0.0,182.0,0.0,1100.0,820.0,28
20.28,350.0,0.0,0.0,186.0,0.0,1050.0,770.0,7
34.29,350.0,0.0,0.0,186.0,0.0,1050.0,770.0,28
19.54,203.5,305.3,0.0,203.5,0.0,963.4,630.0,7
47.71,250.2,166.8,0.0,203.5,0.0,977.6,694.1,90
43.38,157.0,236.0,0.0,192.0,0.0,935.4,781.2,90
29.89,141.3,212.0,0.0,203.5,0.0,971.8,748.5,28
6.90,166.8,250.2,0.0,203.5,0.0,975.6,692.6,3
33.19,122.6,183.9,0.0,203.5,0.0,958.2,800.1,90
4.90,183.9,122.6,0.0,203.5,0.0,959.2,800.0,3
4.57,102.0,153.0,0.0,192.0,0.0,887.0,942.0,3
25.46,102.0,153.0,0.0,192.0,0.0,887.0,942.0,90
24.29,122.6,183.9,0.0,203.5,0.0,958.2,800.1,28
33.95,166.8,250.2,0.0,203.5,0.0,975.6,692.6,28
11.41,200.0,133.0,0.0,192.0,0.0,965.4,806.2,3
20.59,108.3,162.4,0.0,203.5,0.0,938.2,849.0,28
25.89,305.3,203.5,0.0,203.5,0.0,965.4,631.0,7
29.23,108.3,162.4,0.0,203.5,0.0,938.2,849.0,90
31.02,116.0,173.0,0.0,192.0,0.0,909.8,891.9,90
10.39,141.3,212.0,0.0,203.5,0.0,971.8,748.5,7
33.66,157.0,236.0,0.0,192.0,0.0,935.4,781.2,28
27.87,133.0,200.0,0.0,192.0,0.0,927.4,839.2,28
19.35,250.2,166.8,0.0,203.5,0.0,977.6,694.1,7
11.39,173.0,116.0,0.0,192.0,0.0,946.8,856.8,7
12.79,192.0,288.0,0.0,192.0,0.0,929.8,716.1,3
39.32,192.0,288.0,0.0,192.0,0.0,929.8,716.1,28
4.78,153.0,102.0,0.0,192.0,0.0,888.0,943.1,3
16.11,288.0,192.0,0.0,192.0,0.0,932.0,717.8,3
43.38,305.3,203.5,0.0,203.5,0.0,965.4,631.0,28
20.42,236.0,157.0,0.0,192.0,0.0,972.6,749.1,7
6.94,173.0,116.0,0.0,192.0,0.0,946.8,856.8,3
15.03,212.0,141.3,0.0,203.5,0.0,973.4,750.0,7
13.57,236.0,157.0,0.0,192.0,0.0,972.6,749.1,3
32.53,183.9,122.6,0.0,203.5,0.0,959.2,800.0,90
15.75,166.8,250.2,0.0,203.5,0.0,975.6,692.6,7
7.68,102.0,153.0,0.0,192.0,0.0,887.0,942.0,7
38.80,288.0,192.0,0.0,192.0,0.0,932.0,717.8,28
33.00,212.0,141.3,0.0,203.5,0.0,973.4,750.0,28
17.28,102.0,153.0,0.0,192.0,0.0,887.0,942.0,28
24.28,173.0,116.0,0.0,192.0,0.0,946.8,856.8,28
24.05,183.9,122.6,0.0,203.5,0.0,959.2,800.0,28
36.59,133.0,200.0,0.0,192.0,0.0,927.4,839.2,90
50.73,192.0,288.0,0.0,192.0,0.0,929.8,716.1,90
13.66,133.0,200.0,0.0,192.0,0.0,927.4,839.2,7
14.14,305.3,203.5,0.0,203.5,0.0,965.4,631.0,3
47.78,236.0,157.0,0.0,192.0,0.0,972.6,749.1,90
2.33,108.3,162.4,0.0,203.5,0.0,938.2,849.0,3
16.89,157.0,236.0,0.0,192.0,0.0,935.4,781.2,7
23.52,288.0,192.0,0.0,192.0,0.0,932.0,717.8,7
6.81,212.0,141.3,0.0,203.5,0.0,973.4,750.0,3
39.70,212.0,141.3,0.0,203.5,0.0,973.4,750.0,90
17.96,153.0,102.0,0.0,192.0,0.0,888.0,943.1,28
32.88,236.0,157.0,0.0,192.0,0.0,972.6,749.1,28
22.35,116.0,173.0,0.0,192.0,0.0,909.8,891.9,28
10.79,183.9,122.6,0.0,203.5,0.0,959.2,800.0,7
7.72,108.3,162.4,0.0,203.5,0.0,938.2,849.0,7
41.68,203.5,305.3,0.0,203.5,0.0,963.4,630.0,28
9.56,203.5,305.3,0.0,203.5,0.0,963.4,630.0,3
6.88,133.0,200.0,0.0,192.0,0.0,927.4,839.2,3
50.53,288.0,192.0,0.0,192.0,0.0,932.0,717.8,90
17.17,200.0,133.0,0.0,192.0,0.0,965.4,806.2,7
30.44,200.0,133.0,0.0,192.0,0.0,965.4,806.2,28
9.73,250.2,166.8,0.0,203.5,0.0,977.6,694.1,3
3.32,122.6,183.9,0.0,203.5,0.0,958.2,800.1,3
26.32,153.0,102.0,0.0,192.0,0.0,888.0,943.1,90
43.25,200.0,133.0,0.0,192.0,0.0,965.4,806.2,90
6.28,116.0,173.0,0.0,192.0,0.0,909.8,891.9,3
32.10,173.0,116.0,0.0,192.0,0.0,946.8,856.8,90
36.96,250.2,166.8,0.0,203.5,0.0,977.6,694.1,28
54.60,305.3,203.5,0.0,203.5,0.0,965.4,631.0,90
21.48,192.0,288.0,0.0,192.0,0.0,929.8,716.1,7
9.69,157.0,236.0,0.0,192.0,0.0,935.4,781.2,3
8.37,153.0,102.0,0.0,192.0,0.0,888.0,943.1,7
39.66,141.3,212.0,0.0,203.5,0.0,971.8,748.5,90
10.09,116.0,173.0,0.0,192.0,0.0,909.8,891.9,7
4.83,141.3,212.0,0.0,203.5,0.0,971.8,748.5,3
10.35,122.6,183.9,0.0,203.5,0.0,958.2,800.1,7
43.57,166.8,250.2,0.0,203.5,0.0,975.6,692.6,90
51.86,203.5,305.3,0.0,203.5,0.0,963.4,630.0,90
